AUDUSD;AUDUSD;Forex;Majors;04.08.2003;04.08.2003;5;100000;3;0.0001;0.00001;3
EURUSD;EURUSD;Forex;Majors;05.05.2003;05.05.2003;5;100000;3;0.0001;0.00001;3
GBPUSD;GBPUSD;Forex;Majors;05.05.2003;05.05.2003;5;100000;3;0.0001;0.00001;3
NZDUSD;NZDUSD;Forex;Majors;04.08.2003;04.08.2003;5;100000;4;0.0001;0.00001;3
USDCAD;USDCAD;Forex;Majors;04.08.2003;04.08.2003;5;75000;3;0.0001;0.00001;3
USDCHF;USDCHF;Forex;Majors;05.05.2003;05.05.2003;5;100000;3;0.0001;0.00001;3
USDJPY;USDJPY;Forex;Majors;05.05.2003;05.05.2003;3;1000;3;0.01;0.001;3

AUDCAD;AUDCAD;Forex;Crosses;03.01.2006;03.01.2006;5;75000;3;0.0001;0.00001;3
AUDCHF;AUDCHF;Forex;Crosses;01.03.2006;01.03.2006;5;100000;4;0.0001;0.00001;3
AUDJPY;AUDJPY;Forex;Crosses;01.12.2003;01.12.2003;3;900;3;0.01;0.001;3
AUDNZD;AUDNZD;Forex;Crosses;12.12.2006;12.12.2006;5;68000;5;0.0001;0.00001;3
AUDSGD;AUDSGD;Forex;Crosses;14.03.2007;14.03.2007;5;73000;5;0.0001;0.00001;3
CADCHF;CADCHF;Forex;Crosses;03.01.2006;03.01.2006;5;100000;4;0.0001;0.00001;3
CADHKD;CADHKD;Forex;Crosses;14.03.2007;14.03.2007;5;12500;12;0.0001;0.00001;3
CADJPY;CADJPY;Forex;Crosses;25.10.2004;25.10.2004;3;900;3;0.01;0.001;3
CHFJPY;CHFJPY;Forex;Crosses;04.08.2003;04.08.2003;3;900;3;0.01;0.001;3
CHFSGD;CHFSGD;Forex;Crosses;05.06.2007;05.06.2007;5;73000;5;0.0001;0.00001;3
EURAUD;EURAUD;Forex;Crosses;08.10.2005;08.10.2005;5;73000;4;0.0001;0.00001;3
EURCAD;EURCAD;Forex;Crosses;25.10.2004;25.10.2004;5;75000;3;0.0001;0.00001;3
EURCHF;EURCHF;Forex;Crosses;04.08.2003;04.08.2003;5;100000;4;0.0001;0.00001;3
EURCZK;EURCZK;Forex;Crosses;03.01.2016;03.01.2016;4;4500;15;0.0001;0.0001;3
EURDKK;EURDKK;Forex;Crosses;25.10.2004;25.10.2004;5;15600;10;0.0001;0.000001;3
EURGBP;EURGBP;Forex;Crosses;04.08.2003;04.08.2003;5;132000;4;0.0001;0.00001;3
EURHKD;EURHKD;Forex;Crosses;14.03.2007;14.03.2007;5;12500;36;0.0001;0.00001;3
EURHUF;EURHUF;Forex;Crosses;15.03.2007;15.03.2007;3;360;36;0.0001;0.00001;3
EURJPY;EURJPY;Forex;Crosses;04.08.2003;04.08.2003;3;900;3;0.01;0.001;3
EURNOK;EURNOK;Forex;Crosses;25.10.2004;25.10.2004;5;12200;36;0.0001;0.00001;3
EURNZD;EURNZD;Forex;Crosses;03.01.2006;03.01.2006;5;68000;4;0.0001;0.00001;3
EURPLN;EURPLN;Forex;Crosses;14.03.2007;14.03.2007;5;27000;25;0.0001;0.00001;3
EURRUB;EURRUB;Forex;Crosses;14.03.2007;14.03.2007;5;1573;250;0.0001;0.00001;3
EURSEK;EURSEK;Forex;Crosses;28.10.2004;28.10.2004;5;11200;35;0.0001;0.00001;3
EURSGD;EURSGD;Forex;Crosses;14.03.2007;14.03.2007;5;73000;41;0.0001;0.00001;3
EURTRY;EURTRY;Forex;Crosses;14.03.2007;14.03.2007;5;21000;45;0.0001;0.00001;3
GBPAUD;GBPAUD;Forex;Crosses;22.03.2006;22.03.2006;5;73000;8;0.0001;0.00001;3
GBPCAD;GBPCAD;Forex;Crosses;03.01.2006;03.01.2006;5;75000;8;0.0001;0.00001;3
GBPCHF;GBPCHF;Forex;Crosses;04.08.2003;04.08.2003;5;100000;8;0.0001;0.00001;3
GBPJPY;GBPJPY;Forex;Crosses;04.08.2003;04.08.2003;3;900;5;0.01;0.001;3
GBPNZD;GBPNZD;Forex;Crosses;03.01.2006;03.01.2006;5;68000;12;0.0001;0.00001;3
HKDJPY;HKDJPY;Forex;Crosses;14.03.2007;14.03.2007;5;900;15;0.01;0.001;3
NZDCAD;NZDCAD;Forex;Crosses;03.01.2006;03.01.2006;5;75000;5;0.0001;0.00001;3
NZDCHF;NZDCHF;Forex;Crosses;03.01.2006;03.01.2006;5;100000;5;0.0001;0.00001;3
NZDJPY;NZDJPY;Forex;Crosses;03.01.2006;03.01.2006;3;900;4;0.01;0.001;3
SGDJPY;SGDJPY;Forex;Crosses;14.03.2007;14.03.2007;3;900;15;0.01;0.001;3
TRYJPY;TRYJPY;Forex;Crosses;09.05.2010;09.05.2010;3;900;6;0.01;0.001;3
USDCNH;USDCNH;Forex;Crosses;27.06.2012;27.06.2012;5;15000;14;0.0001;0.00001;3
USDCZK;USDCZK;Forex;Crosses;03.01.2016;03.01.2016;4;4518;25;0.0001;0.0001;3
USDDKK;USDDKK;Forex;Crosses;04.08.2003;04.08.2003;5;15600;25;0.0001;0.00001;3
USDHKD;USDHKD;Forex;Crosses;14.03.2007;14.03.2007;5;12500;30;0.0001;0.00001;3
USDHUF;USDHUF;Forex;Crosses;14.03.2007;14.03.2007;3;360;22;0.0001;0.00001;3
USDILS;USDILS;Forex;Crosses;15.12.2016;15.12.2016;5;27500;5;0.0001;0.00001;3
USDMXN;USDMXN;Forex;Crosses;14.03.2007;14.03.2007;5;4920;250;0.0001;0.00001;3
USDNOK;USDNOK;Forex;Crosses;04.08.2003;04.08.2003;5;12000;120;0.0001;0.00001;3
USDPLN;USDPLN;Forex;Crosses;14.03.2007;14.03.2007;5;27000;35;0.0001;0.00001;3
USDRON;USDRON;Forex;Crosses;18.12.2016;18.12.2016;5;25000;55;0.0001;0.00001;3
USDRUB;USDRUB;Forex;Crosses;14.03.2007;14.03.2007;3;1600;600;0.01;0.001;3
USDSEK;USDSEK;Forex;Crosses;04.08.2003;04.08.2003;5;11200;60;0.0001;0.00001;3
USDSGD;USDSGD;Forex;Crosses;17.11.2004;17.11.2004;5;73000;10;0.0001;0.00001;3
USDTHB;USDTHB;Forex;Crosses;13.02.2017;13.02.2017;5;3000;30;0.0001;0.00001;3
USDTRY;USDTRY;Forex;Crosses;14.03.2007;14.03.2007;5;21000;90;0.0001;0.00001;3
USDZAR;USDZAR;Forex;Crosses;02.02.2002;02.02.2002;5;7300;120;0.0001;0.00001;3
ZARJPY;ZARJPY;Forex;Crosses;04.06.2007;04.06.2007;3;900;4;0.01;0.001;3
CHFPLN;CHFPLN;Forex;Crosses;15.03.2007;15.03.2007;5;27000;5;0.0001;0.00001;3

XAGUSD;XAGUSD;Forex;Metals;08.08.2003;08.08.2003;3;5000;60;0.01;0.001;3
XAUUSD;XAUUSD;Forex;Metals;05.05.2003;05.05.2003;3;100;60;0.01;0.01;3

BRENTCMDUSD;US Brent Crude Oil;Commodities;Energy;01.01.2013;30.09.2010;3;100;10;0.01;0.01;4
LIGHTCMDUSD;WTI Light Crude Oil;Commodities;Energy;01.01.2013;01.01.2013;3;100;7;0.01;0.01;4
GASCMDUSD;Natural Gas;Commodities;Energy;02.09.2012;02.09.2012;4;0.1;100;0.0001;0.0001;4
DIESELCMDUSD;Low Suplhur Gasoil;Commodities;Energy;22.10.2017;22.10.2017;3;0.01;220;0.01;0.001;4
COPPERCMDUSD;High Grade Copper;Commodities;Energy;01.03.2012;01.03.2012;4;0.01;7;0.0001;0.0001;4

USA30IDXUSD;USA 30 Index;Indices;America;19.09.2011;30.09.2013;3;5;4;1;0.1;6
USATECHIDXUSD;USA 100 Technical Index;Indices;America;19.09.2011;30.09.2011;3;20;4;1;0.1;6
USA500IDXUSD;USA 500 Index;Indices;America;19.09.2011;30.09.2011;3;50;4;1;0.1;6
HKGIDXHKD;Hong Kong 40 Index;Indices;Asia/Pacific;19.09.2011;19.09.2011;3;5;5;1;1;6
JPNIDXJPY;JAPAN 225;Indices;Asia/Pacific;19.09.2011;19.09.2011;3;10;10;1;1;6
AUSIDXAUD;Australia 200 Index;Indices;Europe;26.02.2013;26.02.2013;3;25;4;1;1;6
DEUIDXEUR;Germany 30 Index;Indices;Europe;19.09.2011;30.09.2013;3;27;3;1;0.1;6
FRAIDXEUR;France 40 Index;Indices;Europe;19.09.2011;19.09.2011;3;12;3;1;0.1;6
EUSIDXEUR;Europe 50 Index;Indices;Europe;19.09.2011;19.09.2011;3;12;3;1;0.1;6
GBRIDXGBP;UK 100 Index;Indices;Europe;19.09.2011;19.09.2011;3;13;3;1;0.1;6
ESPIDXEUR;Spain 35 Index;Indices;Europe;26.02.2013;19.09.2011;3;12;10;1;0.1;6
CHEIDXCHF;Switzerland 20 Index;Indices;Europe;19.09.2011;19.09.2011;3;25;5;1;0.1;6

BTCUSD;BTCUSD;Crypto;Majors;08.05.2017;08.05.2017;1;1;150;0.01;0.01;7

EBSATEUR;Erste Group Bank AG;Stocks;Austria;11.04.2016;11.04.2016;3;0.01;0;0.01;0.001;1
RBIATEUR;Raiffeisen Bank International AG;Stocks;Austria;02.04.2016;02.04.2016;3;0.01;0;0.01;0.001;1
VOEATEUR;Voestalpine AG;Stocks;Austria;11.04.2016;11.04.2016;3;0.01;0;0.01;0.001;1

ABIBEEUR;Anheuser-Busch InBev NV;Stocks;Belgium;21.11.2016;21.11.2016;3;0.01;0;0.01;0.001;1
AGSBEEUR;Ageas;Stocks;Belgium;21.11.2016;21.11.2016;3;0.01;0;0.01;0.001;1
BELGBEEUR;Proximus;Stocks;Belgium;11.07.2016;11.07.2016;3;0.01;0;0.01;0.001;1
KBCBEEUR;KBC Groep NV;Stocks;Belgium;11.07.2016;11.07.2016;3;0.01;0;0.01;0.001;1
SOLBBEEUR;Solvay SA;Stocks;Belgium;11.07.2016;11.07.2016;3;0.01;0;0.01;0.001;1
UCBBEEUR;UCB SA;Stocks;Belgium;11.07.2016;11.07.2016;3;0.01;0;0.01;0.001;1
UMIBEEUR;UmicoreSA;Stocks;Belgium;11.07.2016;11.07.2016;3;0.01;0;0.01;0.001;1

CARLBDKDKK;Carlsberg A/S;Stocks;Denmark;11.07.2016;11.07.2016;3;0.01;0;0.01;0.001;1
COLOBDKDKK;Coloplast A/S;Stocks;Denmark;11.07.2016;11.07.2016;3;0.01;0;0.01;0.001;1
DANSKEDKDKK;Danske Bank A/S;Stocks;Denmark;11.08.2016;11.08.2016;3;0.01;0;0.01;0.001;1
MAERSKBDKDKK;AP Moeller - Maersk A/S;Stocks;Denmark;11.08.2016;11.08.2016;3;0.01;0;0.01;0.001;1
NOVOBDKDKK;Novo Nordisk A/S;Stocks;Denmark;11.08.2016;11.08.2016;3;0.01;0;0.01;0.001;1
NZYMBDKDKK;Novozymes A/S;Stocks;Denmark;11.08.2016;11.08.2016;3;0.01;0;0.01;0.001;1
PNDORADKDKK;Pandora A/S;Stocks;Denmark;11.08.2016;11.08.2016;3;0.01;0;0.01;0.001;1
VWSDKDKK;Vestas Wind Systems A/S;Stocks;Denmark;11.08.2016;11.08.2016;3;0.01;0;0.01;0.001;1

ADSDEEUR;Adidas AG;Stocks;Germany;13.03.2015;13.03.2015;3;0.01;0;0.01;0.001;1
ALVDEEUR;Allianz SE;Stocks;Germany;09.04.2015;09.04.2015;3;0.01;0;0.01;0.001;1
BASDEEUR;BASF SE;Stocks;Germany;22.04.2015;22.04.2015;3;0.01;0;0.01;0.001;1
BEIDEEUR;Beiersdorf AG;Stocks;Germany;20.03.2015;20.03.2015;3;0.01;0;0.01;0.001;1
BMWDEEUR;Bayerische Motoren Werke AG;Stocks;Germany;08.04.2015;08.04.2015;3;0.01;0;0.01;0.001;1
BOSSDEEUR;HUGO BOSS AG;Stocks;Germany;09.04.2015;09.04.2015;3;0.01;0;0.01;0.001;1
CBKDEEUR;Commerzbank AG;Stocks;Germany;26.03.2015;26.03.2015;3;0.01;0;0.01;0.001;1
CONDEEUR;Continental AG;Stocks;Germany;08.04.2015;08.04.2015;3;0.01;0;0.01;0.001;1
DAIDEEUR;Daimler AG;Stocks;Germany;27.03.2015;27.03.2015;3;0.01;0;0.01;0.001;1
DB1DEEUR;Deutsche Boerse AG;Stocks;Germany;14.04.2015;14.04.2015;3;0.01;0;0.01;0.001;1
DBKDEEUR;Deutsche Bank AG;Stocks;Germany;25.03.2015;25.03.2015;3;0.01;0;0.01;0.001;1
DPWDEEUR;Deutsche Post AG;Stocks;Germany;31.03.2015;31.03.2015;3;0.01;0;0.01;0.001;1
DTEDEEUR;Deutsche Telekom AG;Stocks;Germany;31.03.2015;31.03.2015;3;0.01;0;0.01;0.001;1
EOANDEEUR;EON SE;Stocks;Germany;20.04.2015;20.04.2015;3;0.01;0;0.01;0.001;1
FMEDEEUR;Fresenius Medical Care AG & Co KGaA;Stocks;Germany;01.04.2015;01.04.2015;3;0.01;0;0.01;0.001;1
FREDEEUR;Fresenius SE & Co KGaA;Stocks;Germany;10.04.2015;10.04.2015;3;0.01;0;0.01;0.001;1
HEIDEEUR;HeidelbergCement AG;Stocks;Germany;02.04.2015;02.04.2015;3;0.01;0;0.01;0.001;1
HEN3DEEUR;Henkel AG & Co KGaA;Stocks;Germany;21.04.2015;21.04.2015;3;0.01;0;0.01;0.001;1
IFXDEEUR;Infineon Technologies AG;Stocks;Germany;13.04.2015;13.04.2015;3;0.01;0;0.01;0.001;1
LHADEEUR;Deutsche Lufthansa AG;Stocks;Germany;21.04.2015;21.04.2015;3;0.01;0;0.01;0.001;1
LINDEEUR;Linde AG;Stocks;Germany;21.04.2015;21.04.2015;3;0.01;0;0.01;0.001;1
LXSDEEUR;Lanxess AG;Stocks;Germany;21.04.2015;21.04.2015;3;0.01;0;0.01;0.001;1
MRKDEEUR;Merck KGaA;Stocks;Germany;24.03.2015;24.03.2015;3;0.01;0;0.01;0.001;1
MUV2DEEUR;Muenchener Rueckversicherungs AG;Stocks;Germany;21.04.2015;21.04.2015;3;0.01;0;0.01;0.001;1
PAH3DEEUR;Porsche Automobil Holding SE;Stocks;Germany;21.04.2015;21.04.2015;3;0.01;0;0.01;0.001;1
PSMDEEUR;ProSiebenSat1 Media AG;Stocks;Germany;20.04.2015;20.04.2015;3;0.01;0;0.01;0.001;1
RWEDEEUR;RWE AG;Stocks;Germany;16.04.2015;16.04.2015;3;0.01;0;0.01;0.001;1
SAPDEEUR;SAP AG;Stocks;Germany;16.04.2015;16.04.2015;3;0.01;0;0.01;0.001;1
SDFDEEUR;K+S AG;Stocks;Germany;15.04.2015;15.04.2015;3;0.01;0;0.01;0.001;1
SIEDEEUR;Siemens AG;Stocks;Germany;20.04.2015;20.04.2015;3;0.01;0;0.01;0.001;1
TKADEEUR;ThyssenKrupp AG;Stocks;Germany;14.04.2015;14.04.2015;3;0.01;0;0.01;0.001;1
TUI1DEEUR;TUI AG;Stocks;Germany;15.04.2015;15.04.2015;3;0.01;0;0.01;0.001;1
VNADEEUR;Vonovia SE;Stocks;Germany;14.04.2015;14.04.2015;3;0.01;0;0.01;0.001;1
VOW3DEEUR;Volkswagen AG;Stocks;Germany;14.04.2015;14.04.2015;3;0.01;0;0.01;0.001;1

ELI1VFIEUR;Elisa OYJ;Stocks;Finland;11.03.2016;11.03.2016;3;0.01;0;0.01;0.001;1
NES1VFIEUR;Neste OYJ;Stocks;Finland;11.03.2016;11.03.2016;3;0.01;0;0.01;0.001;1
NRE1VFIEUR;Nokian Renkaat OYJ;Stocks;Finland;11.03.2016;11.03.2016;3;0.01;0;0.01;0.001;1
OTE1VFIEUR;Outotec OYJ;Stocks;Finland;11.03.2016;11.03.2016;3;0.01;0;0.01;0.001;1
OUT1VFIEUR;Outokumpu OYJ;Stocks;Finland;11.03.2016;11.03.2016;3;0.01;0;0.01;0.001;1
STERVFIEUR;Stora Enso OYJ;Stocks;Finland;11.03.2016;11.03.2016;3;0.01;0;0.01;0.001;1
TLS1VFIEUR;Telia Company AB;Stocks;Finland;11.09.2016;11.09.2016;3;0.01;0;0.01;0.001;1

ACFREUR;Accor SA;Stocks;France;11.08.2016;11.08.2016;3;0.01;0;0.01;0.001;1
ACAFREUR;Credit Agricole SA;Stocks;France;30.09.2016;30.09.2016;3;0.01;0;0.01;0.001;1
AFFREUR;Air France-KLM;Stocks;France;27.09.2016;27.09.2016;3;0.01;0;0.01;0.001;1
AIFREUR;Air Liquide SA;Stocks;France;30.09.2016;30.09.2016;3;0.01;0;0.01;0.001;1
AIRFREUR;Airbus Group SE;Stocks;France;30.09.2016;30.09.2016;3;0.01;0;0.01;0.001;1
ALOFREUR;Alstom SA;Stocks;France;27.09.2016;27.09.2016;3;0.01;0;0.01;0.001;1
BNFREUR;Danone SA;Stocks;France;30.09.2016;30.09.2016;3;0.01;0;0.01;0.001;1
BNPFREUR;BNP Paribas SA;Stocks;France;30.09.2016;30.09.2016;3;0.01;0;0.01;0.001;1
CAFREUR;Carrefour SA;Stocks;France;30.09.2016;30.09.2016;3;0.01;0;0.01;0.001;1
CAPFREUR;Cap Gemini SA;Stocks;France;30.09.2016;30.09.2016;3;0.01;0;0.01;0.001;1
CSFREUR;AXA SA;Stocks;France;30.09.2016;30.09.2016;3;0.01;0;0.01;0.001;1
DGFREUR;Vinci SA;Stocks;France;30.09.2016;30.09.2016;3;0.01;0;0.01;0.001;1
EDFFREUR;Electricite de France SA;Stocks;France;30.09.2016;30.09.2016;3;0.01;0;0.01;0.001;1
EIFREUR;Essilor International SA;Stocks;France;30.09.2016;30.09.2016;3;0.01;0;0.01;0.001;1
ENFREUR;Bouygues SA;Stocks;France;30.09.2016;30.09.2016;3;0.01;0;0.01;0.001;1
ENGIFREUR;Engie;Stocks;France;30.09.2016;30.09.2016;3;0.01;0;0.01;0.001;1
FPFREUR;Total SA;Stocks;France;30.09.2016;30.09.2016;3;0.01;0;0.01;0.001;1
FRFREUR;Valeo SA;Stocks;France;30.09.2016;30.09.2016;3;0.01;0;0.01;0.001;1
GLEFREUR;Societe Generale SA;Stocks;France;30.09.2016;30.09.2016;3;0.01;0;0.01;0.001;1
KERFREUR;Kering;Stocks;France;30.09.2016;30.09.2016;3;0.01;0;0.01;0.001;1
LIFREUR;Klepierre;Stocks;France;05.08.2016;05.08.2016;3;0.01;0;0.01;0.001;1
LRFREUR;Legrand SA;Stocks;France;05.08.2016;05.08.2016;3;0.01;0;0.01;0.001;1
MCFREUR;LVMH Moet Hennessy Louis Vuitton SA;Stocks;France;05.08.2016;05.08.2016;3;0.01;0;0.01;0.001;1
ORFREUR;L'Oreal SA;Stocks;France;05.08.2016;05.08.2016;3;0.01;0;0.01;0.001;1
ORAFREUR;Orange SA;Stocks;France;05.08.2016;05.08.2016;3;0.01;0;0.01;0.001;1
PUBFREUR;Publicis Groupe SA;Stocks;France;05.08.2016;05.08.2016;3;0.01;0;0.01;0.001;1
RIFREUR;Pernod-Ricard SA;Stocks;France;05.08.2016;05.08.2016;3;0.01;0;0.01;0.001;1
RNOFREUR;Renault SA;Stocks;France;05.08.2016;05.08.2016;3;0.01;0;0.01;0.001;1
SAFFREUR;Safran SA;Stocks;France;05.08.2016;05.08.2016;3;0.01;0;0.01;0.001;1
SANFREUR;Sanofi;Stocks;France;05.08.2016;05.08.2016;3;0.01;0;0.01;0.001;1

SGOFREUR;Cie de St-Gobain;Stocks;France;31.10.2016;31.10.2016;3;0.01;0;0.01;0.001;1
SUFREUR;Schneider Electric SA;Stocks;France;05.08.2016;05.08.2016;3;0.01;0;0.01;0.001;1
UGFREUR;Peugeot SA;Stocks;France;05.08.2016;05.08.2016;3;0.01;0;0.01;0.001;1
VIEFREUR;Veolia Environnement SA;Stocks;France;05.08.2016;05.08.2016;3;0.01;0;0.01;0.001;1
VIVFREUR;Vivendi SA;Stocks;France;05.08.2016;05.08.2016;3;0.01;0;0.01;0.001;1
VKFREUR;Vallourec SA;Stocks;France;05.08.2016;05.08.2016;3;0.01;0;0.01;0.001;1

AGNNLEUR;Aegon NV;Stocks;Netherlands;15.11.2016;15.11.2016;3;0.01;0;0.01;0.001;1
AHNLEUR;Koninklijke Ahold Delhaize NV;Stocks;Netherlands;15.11.2016;15.11.2016;3;0.01;0;0.01;0.001;1
AKZANLEUR;Akzo Nobel NV;Stocks;Netherlands;15.11.2016;15.11.2016;3;0.01;0;0.01;0.001;1
ASMLNLEUR;ASML Holding NV;Stocks;Netherlands;15.11.2016;15.11.2016;3;0.01;0;0.01;0.001;1
DSMNLEUR;Koninklijke DSM NV;Stocks;Netherlands;15.11.2016;15.11.2016;3;0.01;0;0.01;0.001;1
GTONLEUR;Gemalto NV;Stocks;Netherlands;15.11.2016;15.11.2016;3;0.01;0;0.01;0.001;1
HEIANLEUR;Heineken NV;Stocks;Netherlands;15.11.2016;15.11.2016;3;0.01;0;0.01;0.001;1
INGANLEUR;ING Groep NV;Stocks;Netherlands;15.11.2016;15.11.2016;3;0.01;0;0.01;0.001;1
KPNNLEUR;Koninklijke KPN NV;Stocks;Netherlands;15.11.2016;15.11.2016;3;0.01;0;0.01;0.001;1
MTNLEUR;ArcelorMittal;Stocks;Netherlands;15.11.2016;15.11.2016;3;0.01;0;0.01;0.001;1
PHIANLEUR;Koninklijke Philips NV;Stocks;Netherlands;15.11.2016;15.11.2016;3;0.01;0;0.01;0.001;1
RANDNLEUR;Randstad Holding NV;Stocks;Netherlands;15.11.2016;15.11.2016;3;0.01;0;0.01;0.001;1
RDSANLEUR;Royal Dutch Shell PLC;Stocks;Netherlands;15.11.2016;15.11.2016;3;0.01;0;0.01;0.001;1
RENNLEUR;RELX NV;Stocks;Netherlands;15.11.2016;15.11.2016;3;0.01;0;0.01;0.001;1
ULNLEUR;Unibail-Rodamco SE;Stocks;Netherlands;15.11.2016;15.11.2016;3;0.01;0;0.01;0.001;1
UNANLEUR;Unilever NV;Stocks;Netherlands;15.11.2016;15.11.2016;3;0.01;0;0.01;0.001;1
VPKNLEUR;Koninklijke Vopak NV;Stocks;Netherlands;15.11.2016;15.11.2016;3;0.01;0;0.01;0.001;1
WKLNLEUR;Wolters Kluwer NV;Stocks;Netherlands;15.11.2016;15.11.2016;3;0.01;0;0.01;0.001;1

DNBNONOK;DNB ASA;Stocks;Norway;14.11.2016;14.11.2016;3;0.01;0;0.01;0.001;1
MHGNONOK;Marine Harvest ASA;Stocks;Norway;14.11.2016;14.11.2016;3;0.01;0;0.01;0.001;1
NHYNONOK;Norsk Hydro ASA;Stocks;Norway;14.11.2016;14.11.2016;3;0.01;0;0.01;0.001;1
ORKNONOK;Orkla ASA;Stocks;Norway;14.11.2016;14.11.2016;3;0.01;0;0.01;0.001;1
STLNONOK;Statoil ASA;Stocks;Norway;14.11.2016;14.11.2016;3;0.01;0;0.01;0.001;1
TELNONOK;Telenor ASA;Stocks;Norway;14.11.2016;14.11.2016;3;0.01;0;0.01;0.001;1
YARNONOK;Yara International ASA;Stocks;Norway;14.11.2016;14.11.2016;3;0.01;0;0.01;0.001;1

EDPPTEUR;EDP - Energias de Portugal SA;Stocks;Portugal;14.11.2016;14.11.2016;3;0.01;0;0.01;0.001;1
GALPPTEUR; Galp Energia SGPS SA;Stocks;Portugal;14.11.2016;14.11.2016;3;0.01;0;0.01;0.001;1

ABEESEUR;Abertis Infraestructuras SA;Stocks;Spain;14.11.2016;14.11.2016;3;0.01;0;0.01;0.001;1
ACSESEUR;ACS Actividades de Construccion y Servicios SA;Stocks;Spain;14.11.2016;14.11.2016;3;0.01;0;0.01;0.001;1
ACXESEUR;Acerinox SA;Stocks;Spain;14.11.2016;14.11.2016;3;0.01;0;0.01;0.001;1
AENAESEUR;Aena SA;Stocks;Spain;14.11.2016;14.11.2016;3;0.01;0;0.01;0.001;1
AMSESEUR;Amadeus IT Holding SA;Stocks;Spain;14.11.2016;14.11.2016;3;0.01;0;0.01;0.001;1
BBVAESEUR;Banco Bilbao Vizcaya Argentaria SA;Stocks;Spain;14.11.2016;14.11.2016;3;0.01;0;0.01;0.001;1
CABKESEUR;CaixaBank;Stocks;Spain;14.11.2016;14.11.2016;3;0.01;0;0.01;0.001;1
DIAESEUR;Distribuidora Internacional de Alimentacion SA;Stocks;Spain;14.11.2016;14.11.2016;3;0.01;0;0.01;0.001;1
ELEESEUR;Endesa SA;Stocks;Spain;14.11.2016;14.11.2016;3;0.01;0;0.01;0.001;1
ENGESEUR;Enagas SA;Stocks;Spain;14.11.2016;14.11.2016;3;0.01;0;0.01;0.001;1
FERESEUR;Ferrovial SA;Stocks;Spain;14.11.2016;14.11.2016;3;0.01;0;0.01;0.001;1
GAMESEUR;Gamesa Corporacion Tecnologica SA;Stocks;Spain;14.11.2016;14.11.2016;3;0.01;0;0.01;0.001;1
GASESEUR;Gas Natural SDG SA;Stocks;Spain;14.11.2016;14.11.2016;3;0.01;0;0.01;0.001;1
IBEESEUR;Iberdrola SA;Stocks;Spain;14.11.2016;14.11.2016;3;0.01;0;0.01;0.001;1
ITXESEUR;Inditex SA;Stocks;Spain;14.11.2016;14.11.2016;3;0.01;0;0.01;0.001;1
MAPESEUR;Mapfre SA;Stocks;Spain;14.11.2016;14.11.2016;3;0.01;0;0.01;0.001;1
POPESEUR;Banco Popular Espanol SA;Stocks;Spain;14.11.2016;14.11.2016;3;0.01;0;0.01;0.001;1
REEESEUR;Red Electrica Corp SA;Stocks;Spain;14.11.2016;14.11.2016;3;0.01;0;0.01;0.001;1
REPESEUR;Repsol SA;Stocks;Spain;14.11.2016;14.11.2016;3;0.01;0;0.01;0.001;1
SABESEUR;Banco de Sabadell SA;Stocks;Spain;14.11.2016;14.11.2016;3;0.01;0;0.01;0.001;1
SANESEUR;Banco Santander SA;Stocks;Spain;14.11.2016;14.11.2016;3;0.01;0;0.01;0.001;1
TEFESEUR;Telefonica SA;Stocks;Spain;14.11.2016;14.11.2016;3;0.01;0;0.01;0.001;1

ABBSESEK;ABB Ltd;Stocks;Sweden;14.11.2016;14.11.2016;3;0.01;0;0.01;0.001;1
ALFASESEK;Alfa Laval AB;Stocks;Sweden;07.11.2016;07.11.2016;3;0.01;0;0.01;0.001;1
ATCOASESEK;Atlas Copco AB;Stocks;Sweden;14.11.2016;14.11.2016;3;0.01;0;0.01;0.001;1
AZNSESEK;AstraZeneca PLC;Stocks;Sweden;07.11.2016;07.11.2016;3;0.01;0;0.01;0.001;1
ELUXBSESEK;Electrolux AB;Stocks;Sweden;07.11.2016;07.11.2016;3;0.01;0;0.01;0.001;1
ERICBSESEK;Telefonaktiebolaget LM Ericsson;Stocks;Sweden;14.11.2016;14.11.2016;3;0.01;0;0.01;0.001;1
GETIBSESEK;Getinge AB;Stocks;Sweden;07.11.2016;07.11.2016;3;0.01;0;0.01;0.001;1
HMBSESEK;Hennes & Mauritz AB;Stocks;Sweden;07.11.2016;07.11.2016;3;0.01;0;0.01;0.001;1
INVEBSESEK;Investor AB;Stocks;Sweden;14.11.2016;14.11.2016;3;0.01;0;0.01;0.001;1
NDASESEK;Nordea Bank AB;Stocks;Sweden;07.11.2016;07.11.2016;3;0.01;0;0.01;0.001;1
SANDSESEK;Sandvik AB;Stocks;Sweden;07.11.2016;07.11.2016;3;0.01;0;0.01;0.001;1
SCABSESEK;Svenska Cellulosa AB;Stocks;Sweden;07.11.2016;07.11.2016;3;0.01;0;0.01;0.001;1
SEBASESEK;Skandinaviska Enskilda Banken AB;Stocks;Sweden;14.11.2016;14.11.2016;3;0.01;0;0.01;0.001;1
SECUBSESEK;Securitas AB;Stocks;Sweden;07.11.2016;07.11.2016;3;0.01;0;0.01;0.001;1
SKABSESEK;Skanska AB;Stocks;Sweden;07.11.2016;07.11.2016;3;0.01;0;0.01;0.001;1
SKFBSESEK;SKF AB;Stocks;Sweden;07.11.2016;07.11.2016;3;0.01;0;0.01;0.001;1
SWEDASESEK;Swedbank AB;Stocks;Sweden;07.11.2016;07.11.2016;3;0.01;0;0.01;0.001;1
SWMASESEK;Swedish Match AB;Stocks;Sweden;07.11.2016;07.11.2016;3;0.01;0;0.01;0.001;1
TEL2BSESEK;Tele2 AB;Stocks;Sweden;07.11.2016;07.11.2016;3;0.01;0;0.01;0.001;1
TLSNSESEK;Telia Company AB;Stocks;Sweden;14.11.2016;14.11.2016;3;0.01;0;0.01;0.001;1
VOLVBSESEK;Volvo AB;Stocks;Sweden;07.11.2016;07.11.2016;3;0.01;0;0.01;0.001;1

ABBNCHCHF;ABB Ltd;Stocks;Switzerland;16.06.2015;16.06.2015;3;0.01;0;0.01;0.001;1
ADENCHCHF;Adecco SA;Stocks;Switzerland;16.06.2015;16.06.2015;3;0.01;0;0.01;0.001;1
ATLNCHCHF;Actelion Ltd;Stocks;Switzerland;16.06.2015;16.06.2015;3;0.01;0;0.01;0.001;1
BAERCHCHF;Julius Baer Group Ltd;Stocks;Switzerland;16.06.2015;16.06.2015;3;0.01;0;0.01;0.001;1
CLNCHCHF;Clariant AG;Stocks;Switzerland;16.06.2015;16.06.2015;3;0.01;0;0.01;0.001;1
CSGNCHCHF;Credit Suisse Group AG;Stocks;Switzerland;16.06.2015;16.06.2015;3;0.01;0;0.01;0.001;1
GALNCHCHF;Galenica AG;Stocks;Switzerland;16.06.2015;16.06.2015;3;0.01;0;0.01;0.001;1
GIVNCHCHF;Givaudan SA;Stocks;Switzerland;16.06.2015;16.06.2015;3;0.01;0;0.01;0.001;1
KNINCHCHF;Kuehne + Nagel International AG;Stocks;Switzerland;16.06.2015;16.06.2015;3;0.01;0;0.01;0.001;1
LHNCHCHF;Lafarge Holcim Ltd;Stocks;Switzerland;16.06.2015;16.06.2015;3;0.01;0;0.01;0.001;1
LONNCHCHF;Lonza Group AG;Stocks;Switzerland;16.06.2015;16.06.2015;3;0.01;0;0.01;0.001;1
NESNCHCHF;Nestle SA;Stocks;Switzerland;16.06.2015;16.06.2015;3;0.01;0;0.01;0.001;1
NOVNCHCHF;Novartis AG;Stocks;Switzerland;16.06.2015;16.06.2015;3;0.01;0;0.01;0.001;1
ROGCHCHF;Roche Holding AG;Stocks;Switzerland;03.07.2015;03.07.2015;3;0.01;0;0.01;0.001;1
SCMNCHCHF;Swisscom AG;Stocks;Switzerland;03.07.2015;03.07.2015;3;0.01;0;0.01;0.001;1
SGSNCHCHF;SGS SA;Stocks;Switzerland;06.08.2015;06.08.2015;3;0.01;0;0.01;0.001;1
SIKCHCHF;Sika AG;Stocks;Switzerland;06.08.2015;06.08.2015;3;0.01;0;0.01;0.001;1
SLHNCHCHF;Swiss Life Holding AG;Stocks;Switzerland;06.08.2015;06.08.2015;3;0.01;0;0.01;0.001;1
SOONCHCHF;Sonova Holding AG;Stocks;Switzerland;07.08.2015;07.08.2015;3;0.01;0;0.01;0.001;1
SRENCHCHF;Swiss Re AG;Stocks;Switzerland;07.08.2015;07.08.2015;3;0.01;0;0.01;0.001;1
SYNNCHCHF;Syngenta AG;Stocks;Switzerland;06.08.2015;06.08.2015;3;0.01;0;0.01;0.001;1
UBSGCHCHF;UBS Group AG;Stocks;Switzerland;15.06.2015;15.06.2015;3;0.01;0;0.01;0.001;1
UHRCHCHF;Swatch Group AGThe;Stocks;Switzerland;07.08.2015;07.08.2015;3;0.01;0;0.01;0.001;1
ZURNCHCHF;Zurich Insurance Group AG;Stocks;Switzerland;07.08.2015;07.08.2015;3;0.01;0;0.01;0.001;1

AALGBGBX;Anglo American PLC;Stocks;UK;25.08.2015;25.08.2015;3;0.01;0;0.01;0.001;1
ABFGBGBX;Associated British Foods PLC;Stocks;UK;06.09.2016;06.09.2016;3;0.01;0;0.01;0.001;1
ADMGBGBX;Admiral Group PLC;Stocks;UK;06.09.2016;06.09.2016;3;0.01;0;0.01;0.001;1
ADNGBGBX;Aberdeen Asset Management PLC;Stocks;UK;06.09.2016;06.09.2016;3;0.01;0;0.01;0.001;1
AGKGBGBX;Aggreko PLC;Stocks;UK;06.09.2016;06.09.2016;3;0.01;0;0.01;0.001;1
AHTGBGBX;Ashtead Group PLC;Stocks;UK;06.09.2016;06.09.2016;3;0.01;0;0.01;0.001;1
ANTOGBGBX;Antofagasta PLC;Stocks;UK;06.09.2016;06.09.2016;3;0.01;0;0.01;0.001;1
AVGBGBX;Aviva PLC;Stocks;UK;06.09.2016;06.09.2016;3;0.01;0;0.01;0.001;1
AZNGBGBX;AstraZeneca PLC;Stocks;UK;06.09.2016;06.09.2016;3;0.01;0;0.01;0.001;1
BAGBGBX;BAE Systems PLC;Stocks;UK;06.09.2016;06.09.2016;3;0.01;0;0.01;0.001;1
BABGBGBX;Babcock International Group PLC;Stocks;UK;06.09.2016;06.09.2016;3;0.01;0;0.01;0.001;1
BARCGBGBX;Barclays PLC;Stocks;UK;06.09.2016;06.09.2016;3;0.01;0;0.01;0.001;1
BATSGBGBX;British American Tobacco PLCStocks;Stocks;UK;06.09.2016;06.09.2016;3;0.01;0;0.01;0.001;1
BLNDGBGBX;British Land Co PLC;Stocks;UK;06.09.2016;06.09.2016;3;0.01;0;0.01;0.001;1
BLTGBGBX;BHP Billiton PLC;Stocks;UK;06.09.2016;06.09.2016;3;0.01;0;0.01;0.001;1
BNZLGBGBX;Bunzl PLC;Stocks;UK;06.09.2016;06.09.2016;3;0.01;0;0.01;0.001;1
BPGBGBX;BP PLC;Stocks;UK;06.09.2016;06.09.2016;3;0.01;0;0.01;0.001;1
BRBYGBGBX;Burberry Group PLC;Stocks;UK;08.07.2016;08.07.2016;3;0.01;0;0.01;0.001;1
BTGBGBX;BT Group PLC;Stocks;UK;07.07.2016;07.07.2016;3;0.01;0;0.01;0.001;1
CCLGBGBX;Carnival PLC;Stocks;UK;06.07.2016;06.07.2016;3;0.01;0;0.01;0.001;1
CNAGBGBX;Centrica PLC;Stocks;UK;07.07.2016;07.07.2016;3;0.01;0;0.01;0.001;1
CPGGBGBX;Compass Group PLC;Stocks;UK;08.07.2016;08.07.2016;3;0.01;0;0.01;0.001;1
CPIGBGBX;Capita PLC;Stocks;UK;07.07.2016;07.07.2016;3;0.01;0;0.01;0.001;1
CRDAGBGBX;Croda International PLC;Stocks;UK;07.07.2016;07.07.2016;3;0.01;0;0.01;0.001;1
CRHGBGBX;CRH PLC;Stocks;UK;08.11.2016;08.11.2016;3;0.01;0;0.01;0.001;1
DGEGBGBX;Diageo PLC;Stocks;UK;06.07.2016;06.07.2016;3;0.01;0;0.01;0.001;1
EXPNGBGBX;Experian PLC;Stocks;UK;08.07.2016;08.07.2016;3;0.01;0;0.01;0.001;1
EZJGBGBX;easyJet PLC;Stocks;UK;08.07.2016;08.07.2016;3;0.01;0;0.01;0.001;1
FRESGBGBX;Fresnillo PLC;Stocks;UK;07.07.2016;07.07.2016;3;0.01;0;0.01;0.001;1
GFSGBGBX;G4S PLC;Stocks;UK;07.07.2016;07.07.2016;3;0.01;0;0.01;0.001;1
GKNGBGBX;GKN PLC;Stocks;UK;07.07.2016;07.07.2016;3;0.01;0;0.01;0.001;1
GLENGBGBX;Glencore PLC;Stocks;UK;07.07.2016;07.07.2016;3;0.01;0;0.01;0.001;1
GSKGBGBX;GlaxoSmithKline PLC;Stocks;UK;07.07.2016;07.07.2016;3;0.01;0;0.01;0.001;1
HMSOGBGBX;Hammerson PLC;Stocks;UK;07.07.2016;07.07.2016;3;0.01;0;0.01;0.001;1
HSBAGBGBX;HSBC Holdings PLC;Stocks;UK;07.07.2016;07.07.2016;3;0.01;0;0.01;0.001;1
IAGGBGBX;International Consolidated Airlines Grou;Stocks;UK;08.11.2016;08.11.2016;3;0.01;0;0.01;0.001;1
IHGGBGBX;InterContinental Hotels Group PLC;Stocks;UK;01.11.2016;01.11.2016;3;0.01;0;0.01;0.001;1
IMTGBGBX;Imperial Brands Plc;Stocks;UK;06.07.2016;06.07.2016;3;0.01;0;0.01;0.001;1
ISATGBGBX;Inmarsat PLC;Stocks;UK;08.07.2016;08.07.2016;3;0.01;0;0.01;0.001;1
ITRKGBGBX;Intertek Group PLC;Stocks;UK;06.07.2016;06.07.2016;3;0.01;0;0.01;0.001;1
ITVGBGBX;ITV PLC;Stocks;UK;07.07.2016;07.07.2016;3;0.01;0;0.01;0.001;1
KGFGBGBX;Kingfisher PLC;Stocks;UK;07.07.2016;07.07.2016;3;0.01;0;0.01;0.001;1
LANDGBGBX;Land Securities Group PLC;Stocks;UK;07.07.2016;07.07.2016;3;0.01;0;0.01;0.001;1
LGENGBGBX;Legal & General Group PLC;Stocks;UK;07.07.2016;07.07.2016;3;0.01;0;0.01;0.001;1
LLOYGBGBX;Lloyds Banking Group PLC;Stocks;UK;08.07.2016;08.07.2016;3;0.01;0;0.01;0.001;1
LSEGBGBX;London Stock Exchange Group PLC;Stocks;UK;06.07.2016;06.07.2016;3;0.01;0;0.01;0.001;1
MKSGBGBX;Marks & Spencer Group PLC;Stocks;UK;07.07.2016;07.07.2016;3;0.01;0;0.01;0.001;1
MNDIGBGBX;Mondi PLC;Stocks;UK;08.07.2016;08.07.2016;3;0.01;0;0.01;0.001;1
MRWGBGBX;WM Morrison Supermarkets PLC;Stocks;UK;07.07.2016;07.07.2016;3;0.01;0;0.01;0.001;1
NGGBGBX;National Grid PLC;Stocks;UK;07.07.2016;07.07.2016;3;0.01;0;0.01;0.001;1
NXTGBGBX;Next PLC;Stocks;UK;06.07.2016;06.07.2016;3;0.01;0;0.01;0.001;1
OMLGBGBX;Old Mutual PLC;Stocks;UK;07.07.2016;07.07.2016;3;0.01;0;0.01;0.001;1
PFCGBGBX;Petrofac Ltd;Stocks;UK;08.07.2016;08.07.2016;3;0.01;0;0.01;0.001;1
PRUGBGBX;Prudential PLC;Stocks;UK;07.07.2016;07.07.2016;3;0.01;0;0.01;0.001;1
PSNGBGBX;Persimmon PLC;Stocks;UK;08.07.2016;08.07.2016;3;0.01;0;0.01;0.001;1
PSONGBGBX;Pearson PLC;Stocks;UK;07.07.2016;07.07.2016;3;0.01;0;0.01;0.001;1
RBGBGBX;Reckitt Benckiser Group PLC;Stocks;UK;06.07.2016;06.07.2016;3;0.01;0;0.01;0.001;1
RBSGBGBX;Royal Bank of Scotland Group PLC;Stocks;UK;08.07.2016;08.07.2016;3;0.01;0;0.01;0.001;1
RDSBGBGBX;Royal Dutch Shell PLC;Stocks;UK;01.11.2016;01.11.2016;3;0.01;0;0.01;0.001;1
RELGBGBX;RELX PLC;Stocks;UK;07.07.2016;07.07.2016;3;0.01;0;0.01;0.001;1
RIOGBGBX;Rio Tinto PLC;Stocks;UK;06.07.2016;06.07.2016;3;0.01;0;0.01;0.001;1
RMGGBGBX;Royal Mail PLC;Stocks;UK;07.07.2016;07.07.2016;3;0.01;0;0.01;0.001;1
RRGBGBX;Rolls-Royce Holdings PLC;Stocks;UK;08.07.2016;08.07.2016;3;0.01;0;0.01;0.001;1
RRSGBGBX;Randgold Resources Ltd;Stocks;UK;06.07.2016;06.07.2016;3;0.01;0;0.01;0.001;1
RSAGBGBX;RSA Insurance Group PLC;Stocks;UK;07.07.2016;07.07.2016;3;0.01;0;0.01;0.001;1
SBRYGBGBX;J Sainsbury PLC;Stocks;UK;07.07.2016;07.07.2016;3;0.01;0;0.01;0.001;1
SGEGBGBX;Sage Group PLCThe;Stocks;UK;08.07.2016;08.07.2016;3;0.01;0;0.01;0.001;1
SHPGBGBX;Shire PLC;Stocks;UK;08.07.2016;08.07.2016;3;0.01;0;0.01;0.001;1
SKYGBGBX;Sky Plc;Stocks;UK;07.07.2016;07.07.2016;3;0.01;0;0.01;0.001;1
SLGBGBX;Standard Life PLC;Stocks;UK;08.07.2016;08.07.2016;3;0.01;0;0.01;0.001;1
SMINGBGBX;Smiths Group PLC;Stocks;UK;08.07.2016;08.07.2016;3;0.01;0;0.01;0.001;1
SNGBGBX;Smith & Nephew PLC;Stocks;UK;08.07.2016;08.07.2016;3;0.01;0;0.01;0.001;1
SSEGBGBX;SSE PLC;Stocks;UK;08.07.2016;08.07.2016;3;0.01;0;0.01;0.001;1
STANGBGBX;Standard Chartered PLC;Stocks;UK;08.07.2016;08.07.2016;3;0.01;0;0.01;0.001;1
SVTGBGBX;Severn Trent PLC;Stocks;UK;08.07.2016;08.07.2016;3;0.01;0;0.01;0.001;1
TATEGBGBX;Tate & Lyle PLC;Stocks;UK;08.07.2016;08.07.2016;3;0.01;0;0.01;0.001;1
TLWGBGBX;Tullow Oil PLC;Stocks;UK;08.07.2016;08.07.2016;3;0.01;0;0.01;0.001;1
TPKGBGBX;Travis Perkins PLC;Stocks;UK;08.07.2016;08.07.2016;3;0.01;0;0.01;0.001;1
TSCOGBGBX;Tesco PLC;Stocks;UK;08.07.2016;08.07.2016;3;0.01;0;0.01;0.001;1
ULVRGBGBX;Unilever PLC;Stocks;UK;08.07.2016;08.07.2016;3;0.01;0;0.01;0.001;1
UUGBGBX;United Utilities Group PLC;Stocks;UK;08.07.2016;08.07.2016;3;0.01;0;0.01;0.001;1
VODGBGBX;Vodafone Group PLC;Stocks;UK;08.07.2016;08.07.2016;3;0.01;0;0.01;0.001;1
WEIRGBGBX;Weir Group PLCThe;Stocks;UK;08.07.2016;08.07.2016;3;0.01;0;0.01;0.001;1
WOSGBGBX;Wolseley PLC;Stocks;UK;08.07.2016;08.07.2016;3;0.01;0;0.01;0.001;1
WPPGBGBX;WPP PLC;Stocks;UK;08.07.2016;08.07.2016;3;0.01;0;0.01;0.001;1
WTBGBGBX;Whitbread PLC;Stocks;UK;06.07.2016;06.07.2016;3;0.01;0;0.01;0.001;1

MMMUSUSD;3M CO;Stocks;US;11.05.2017;11.05.2017;3;0.01;0;0.01;0.001;1
ABTUSUSD;ABBOTT LABORATORIES;Stocks;US;11.05.2017;11.05.2017;3;0.01;0;0.01;0.001;1
ATVIUSUSD;ACTIVISION BLIZZARD INC;Stocks;US;11.05.2017;11.05.2017;3;0.01;0;0.01;0.001;1
ADBEUSUSD;ADOBE SYSTEMS INC;Stocks;US;11.05.2017;11.05.2017;3;0.01;0;0.01;0.001;1
AMDUSUSD;ADVANCED MICRO DEVICES;Stocks;US;02.11.2017;02.11.2017;3;0.01;0;0.01;0.001;1
AETUSUSD;AETNA INC;Stocks;US;11.05.2017;11.05.2017;3;0.01;0;0.01;0.001;1
AUSUSD;AGILENT TECHNOLOGIES INC;Stocks;US;25.05.2017;25.05.2017;3;0.01;0;0.01;0.001;1
APDUSUSD;AIR PRODUCTS & CHEMICALS INC;Stocks;US;02.11.2017;02.11.2017;3;0.01;0;0.01;0.001;1
AAUSUSD;ALCOA INC;Stocks;US;02.11.2017;02.11.2017;3;0.01;0;0.01;0.001;1
ALXNUSUSD;ALEXION PHARMACEUTICALS INC;Stocks;US;26.01.2017;26.01.2017;3;0.01;0;0.01;0.001;1
BABAUSUSD;ALIBABA GROUP HOLDING-SP ADR;Stocks;US;26.01.2017;26.01.2017;3;0.01;0;0.01;0.001;1
ALLUSUSD;ALLSTATE CORP;Stocks;US;26.01.2017;26.01.2017;3;0.01;0;0.01;0.001;1
GOOGLUSUSD;ALPHABET INC-CL A;Stocks;US;26.01.2017;26.01.2017;3;0.01;0;0.01;0.001;1
GOOGUSUSD;ALPHABET INC-CL C;Stocks;US;26.01.2017;26.01.2017;3;0.01;0;0.01;0.001;1
MOUSUSD;ALTRIA GROUP INC;Stocks;US;02.11.2017;02.11.2017;3;0.01;0;0.01;0.001;1
AMZNUSUSD;AMAZONCOM INC;Stocks;US;26.01.2017;26.01.2017;3;0.01;0;0.01;0.001;1
ABEVUSUSD;Ambev SA;Stocks;US;26.01.2017;26.01.2017;3;0.01;0;0.01;0.001;1
AALUSUSD;AMERICAN AIRLINES GROUP INC;Stocks;US;02.11.2017;02.11.2017;3;0.01;0;0.01;0.001;1
AXPUSUSD;AMERICAN EXPRESS CO;Stocks;US;02.11.2017;02.11.2017;3;0.01;0;0.01;0.001;1
AEPUSUSD;AMERICAN ELECTRIC POWER;Stocks;US;02.11.2017;02.11.2017;3;0.01;0;0.01;0.001;1
AIGUSUSD;AMERICAN INTERNATIONAL GROUP;Stocks;US;11.05.2017;11.05.2017;3;0.01;0;0.01;0.001;1
AMTUSUSD;AMERICAN TOWER CORP;Stocks;US;02.11.2017;02.11.2017;3;0.01;0;0.01;0.001;1
AMPUSUSD;AMERIPRISE FINANCIAL INC;Stocks;US;11.05.2017;11.05.2017;3;0.01;0;0.01;0.001;1
ABCUSUSD;AMERISOURCEBERGEN CORP;Stocks;US;11.05.2017;11.05.2017;3;0.01;0;0.01;0.001;1
AMGNUSUSD;AMGEN INC;Stocks;US;26.01.2017;26.01.2017;3;0.01;0;0.01;0.001;1
APCUSUSD;ANADARKO PETROLEUM CORP;Stocks;US;02.11.2017;02.11.2017;3;0.01;0;0.01;0.001;1
ANTMUSUSD;ANTHEM INC;Stocks;US;02.11.2017;02.11.2017;3;0.01;0;0.01;0.001;1
APAUSUSD;APACHE CORP;Stocks;US;02.11.2017;02.11.2017;3;0.01;0;0.01;0.001;1
AAPLUSUSD;APPLE INC;Stocks;US;26.01.2017;26.01.2017;3;0.01;0;0.01;0.001;1
AMATUSUSD;APPLIED MATERIALS;Stocks;US;11.05.2017;11.05.2017;3;0.01;0;0.01;0.001;1
AZNUSUSD;AstraZeneca PLC;Stocks;US;26.01.2017;26.01.2017;3;0.01;0;0.01;0.001;1
TUSUSD;AT&T INC;Stocks;US;26.01.2017;26.01.2017;3;0.01;0;0.01;0.001;1
ADPUSUSD;AUTOMATIC DATA PROCESSING;Stocks;US;02.11.2017;02.11.2017;3;0.01;0;0.01;0.001;1
AZOUSUSD;AUTOZONE INC;Stocks;US;02.11.2017;02.11.2017;3;0.01;0;0.01;0.001;1
AVBUSUSD;AVALONBAY COMMUNITIES INC;Stocks;US;02.11.2017;02.11.2017;3;0.01;0;0.01;0.001;1
BIDUUSUSD;BAIDU INC;Stocks;US;02.11.2017;02.11.2017;3;0.01;0;0.01;0.001;1
BBDUSUSD;Banco Bradesco SA;Stocks;US;26.01.2017;26.01.2017;3;0.01;0;0.01;0.001;1
BACUSUSD;BANK OF AMERICA CORP;Stocks;US;26.01.2017;26.01.2017;3;0.01;0;0.01;0.001;1
BKUSUSD;BANK OF NEW YORK MELLON CORP;Stocks;US;11.05.2017;11.05.2017;3;0.01;0;0.01;0.001;1
BBTUSUSD;BB&T CORP;Stocks;US;26.01.2017;26.01.2017;3;0.01;0;0.01;0.001;1
BDXUSUSD;BECTON DICKINSON AND CO;Stocks;US;26.01.2017;26.01.2017;3;0.01;0;0.01;0.001;1
BRKBUSUSD;BERKSHIRE HATHAWAY INC-CL B; Stocks;US;06.11.2017;06.11.2017;3;0.01;0;0.01;0.001;1
BBYUSUSD;BEST BUY CO INC;Stocks;US;11.05.2017;11.05.2017;3;0.01;0;0.01;0.001;1
BIIBUSUSD;BIOGEN INC;Stocks;US;11.05.2017;11.05.2017;3;0.01;0;0.01;0.001;1
BAUSUSD;Boeing Co;Stocks;US;26.01.2017;26.01.2017;3;0.01;0;0.01;0.001;1
BSXUSUSD;BOSTON SCIENTIFIC CORP;Stocks;US;11.05.2017;11.05.2017;3;0.01;0;0.01;0.001;1
BMYUSUSD;BRISTOL-MYERS SQUIBB CO;Stocks;US;11.05.2017;11.05.2017;3;0.01;0;0.01;0.001;1
BPUSUSD;BP plc;Stocks;US;11.05.2017;11.05.2017;3;0.01;0;0.01;0.001;1
AVGOUSUSD;Broadcom Limited;Stocks;US;26.01.2017;26.01.2017;3;0.01;0;0.01;0.001;1
CATUSUSD;CATERPILLLAR INC;Stocks;US;11.05.2017;11.05.2017;3;0.01;0;0.01;0.001;1
COFUSUSD;CAPITAL ONE FINANCIAL CORP;Stocks;US;11.05.2017;11.05.2017;3;0.01;0;0.01;0.001;1
CAHUSUSD;CARDINAL HEALTH INC;Stocks;US;11.05.2017;11.05.2017;3;0.01;0;0.01;0.001;1
CBSUSUSD;CBS CORP-CLASS B NON VOTING;Stocks;US;11.05.2017;11.05.2017;3;0.01;0;0.01;0.001;1
CTLUSUSD;CENTURYLINK INC;Stocks;US;02.11.2017;02.11.2017;3;0.01;0;0.01;0.001;1
CVXUSUSD;CHEVRON CORP;Stocks;US;26.01.2017;26.01.2017;3;0.01;0;0.01;0.001;1
CMGUSUSD;CHIPOTLE MEXICAN GRILL INC;Stocks;US;11.05.2017;11.05.2017;3;0.01;0;0.01;0.001;1
CFUSUSD;CF INDUSTRIES HOLDINGS INC;Stocks;US;11.05.2017;11.05.2017;3;0.01;0;0.01;0.001;1
CIUSUSD;CIGNA CORP;Stocks;US;11.05.2017;11.05.2017;3;0.01;0;0.01;0.001;1
CSCOUSUSD;CISCO SYSTEMS INC;Stocks;US;26.01.2017;26.01.2017;3;0.01;0;0.01;0.001;1
CUSUSD;CITIGROUP INC;Stocks;US;26.01.2017;26.01.2017;3;0.01;0;0.01;0.001;1
KOUSUSD;COCA-COLA COTHE;Stocks;US;26.01.2017;26.01.2017;3;0.01;0;0.01;0.001;1
CLUSUSD;COLGATE-PALMOLIVE CO;Stocks;US;02.11.2017;02.11.2017;3;0.01;0;0.01;0.001;1
CMCSAUSUSD;COMCAST CORP-CLASS A;Stocks;US;26.01.2017;26.01.2017;3;0.01;0;0.01;0.001;1
CAGUSUSD;CONAGRA FOODS INC;Stocks;US;26.01.2017;26.01.2017;3;0.01;0;0.01;0.001;1
COPUSUSD;CONOCOPHILLIPS;Stocks;US;02.11.2017;02.11.2017;3;0.01;0;0.01;0.001;1
STZUSUSD;CONSTELLATION BRANDS INC-A;Stocks;US;02.11.2017;02.11.2017;3;0.01;0;0.01;0.001;1
XLYUSUSD;Consumer Discretionary Select Sector SPDR Fund;Stocks;US;15.11.2017;15.11.2017;3;0.01;0;0.01;0.001;1
XLPUSUSD;Consumer Staples Select Sector SPDR Fund;Stocks;US;15.11.2017;15.11.2017;3;0.01;0;0.01;0.001;1
GLWUSUSD;CORNING INC;Stocks;US;15.11.2017;15.11.2017;3;0.01;0;0.01;0.001;1
CSUSUSD;Credit Suisse Group AG;Stocks;US;02.11.2017;02.11.2017;3;0.01;0;0.01;0.001;1
CMIUSUSD;CUMMINS INC;Stocks;US;26.01.2017;26.01.2017;3;0.01;0;0.01;0.001;1
CVSUSUSD;CVS HEALTH CORP;Stocks;US;02.11.2017;02.11.2017;3;0.01;0;0.01;0.001;1
DHRUSUSD;DANAHER CORP;Stocks;US;02.11.2017;02.11.2017;3;0.01;0;0.01;0.001;1
DVAUSUSD;DAVITA HEALTHCARE PARTNERS I;Stocks;US;02.11.2017;02.11.2017;3;0.01;0;0.01;0.001;1
DEUSUSD;DEERE & CO;Stocks;US;11.05.2017;11.05.2017;3;0.01;0;0.01;0.001;1
DALUSUSD;DELTA AIR LINES INC;Stocks;US;02.11.2017;02.11.2017;3;0.01;0;0.01;0.001;1
DVNUSUSD;DEVON ENERGY CORP;Stocks;US;02.11.2017;02.11.2017;3;0.01;0;0.01;0.001;1
DFSUSUSD;DISCOVER FINANCIAL SERVICES;Stocks;US;02.11.2017;02.11.2017;3;0.01;0;0.01;0.001;1
DGUSUSD;DOLLAR GENERAL CORP;Stocks;US;05.11.2017;05.11.2017;3;0.01;0;0.01;0.001;1
DUSUSD;DOMINION RESOURCES INCVA;Stocks;US;02.11.2017;02.11.2017;3;0.01;0;0.01;0.001;1
DHIUSUSD;DR HORTON INC;Stocks;US;05.11.2017;05.11.2017;3;0.01;0;0.01;0.001;1
DUKUSUSD;DUKE ENERGY CORP;Stocks;US;05.11.2017;05.11.2017;3;0.01;0;0.01;0.001;1
EBAYUSUSD;EBAY INC;Stocks;US;05.11.2017;05.11.2017;3;0.01;0;0.01;0.001;1
EIXUSUSD;EDISON INTERNATIONAL;Stocks;US;05.11.2017;05.11.2017;3;0.01;0;0.01;0.001;1
LLYUSUSD;ELI LILLY & CO;Stocks;US;05.11.2017;05.11.2017;3;0.01;0;0.01;0.001;1
EAUSUSD;ELECCTRONIC ARTS;Stocks;US;05.11.2017;05.11.2017;3;0.01;0;0.01;0.001;1
EMRUSUSD;EMERSON ELECTRIC CO;Stocks;US;11.05.2017;11.05.2017;3;0.01;0;0.01;0.001;1
XLEUSUSD;Energy Select Sector SPDR Fund;Stocks;US;15.11.2017;15.11.2017;3;0.01;0;0.01;0.001;1
EOGUSUSD;EOG RESOURCES INC;Stocks;US;05.11.2017;05.11.2017;3;0.01;0;0.01;0.001;1
EQTUSUSD;EQT CORP;Stocks;US;02.11.2017;02.11.2017;3;0.01;0;0.01;0.001;1
EFXUSUSD;EQUIFAX INC;Stocks;US;02.11.2017;02.11.2017;3;0.01;0;0.01;0.001;1
EXPEUSUSD;EXPEDEA INC;Stocks;US;02.11.2017;02.11.2017;3;0.01;0;0.01;0.001;1
ESRXUSUSD;EXPRESS SCRIPTS HOLDING;Stocks;US;02.11.2017;02.11.2017;3;0.01;0;0.01;0.001;1
ELUSUSD;ESTEE LAUDER COMPANIES-CL A;Stocks;US;02.11.2017;02.11.2017;3;0.01;0;0.01;0.001;1
EXCUSUSD;EXELON CORP;Stocks;US;26.01.2017;26.01.2017;3;0.01;0;0.01;0.001;1
XOMUSUSD;EXXON MOBIL CORP;Stocks;US;26.01.2017;26.01.2017;3;0.01;0;0.01;0.001;1
FBUSUSD;FACEBOOK INC-A;Stocks;US;26.01.2017;26.01.2017;3;0.01;0;0.01;0.001;1
FDXUSUSD;FEDEX CORP;Stocks;US;11.02.2017;11.02.2017;3;0.01;0;0.01;0.001;1
XLFUSUSD;Financial Select Sector SPDR Fund;Stocks;US;26.01.2017;26.01.2017;3;0.01;0;0.01;0.001;1
FEUSUSD;FIRSTENERGY CORP;Stocks;US;26.01.2017;26.01.2017;3;0.01;0;0.01;0.001;1
FUSUSD;FORD MOTOR CO;Stocks;US;02.11.2017;02.11.2017;3;0.01;0;0.01;0.001;1
FCXUSUSD;FREEPORT-MCMORAN INC;Stocks;US;02.11.2017;02.11.2017;3;0.01;0;0.01;0.001;1
GPSUSUSD;GAP INCTHE;Stocks;US;02.11.2017;02.11.2017;3;0.01;0;0.01;0.001;1
GEUSUSD;GENERAL ELECTRIC CO;Stocks;US;26.01.2017;26.01.2017;3;0.01;0;0.01;0.001;1
GISUSUSD;GENERAL MILLS INC;Stocks;US;26.01.2017;26.01.2017;3;0.01;0;0.01;0.001;1
GMUSUSD;GENERAL MOTORS CO;Stocks;US;02.11.2017;02.11.2017;3;0.01;0;0.01;0.001;1
GILDUSUSD;GILEAD SCIENCES INC;Stocks;US;26.01.2017;26.01.2017;3;0.01;0;0.01;0.001;1
GSUSUSD;GOLDMAN SACHS GROUP INC;Stocks;US;26.01.2017;26.01.2017;3;0.01;0;0.01;0.001;1
HALUSUSD;HALLIBURTON CO;Stocks;US;02.11.2017;02.11.2017;3;0.01;0;0.01;0.001;1
HCPUSUSD;HCP INC;Stocks;US;02.11.2017;02.11.2017;3;0.01;0;0.01;0.001;1
XLVUSUSD;Health Care Select Sector SPDR Fund;Stocks;US;15.11.2017;15.11.2017;3;0.01;0;0.01;0.001;1
HESUSUSD;HESS CORP;Stocks;US;02.11.2017;02.11.2017;3;0.01;0;0.01;0.001;1
HDUSUSD;HOME DEPOT INC;Stocks;US;26.01.2017;26.01.2017;3;0.01;0;0.01;0.001;1
HONUSUSD;HONEYWELL INTERNATIONAL INC;Stocks;US;02.11.2017;02.11.2017;3;0.01;0;0.01;0.001;1
HPQUSUSD;HP INC;Stocks;US;26.01.2017;26.01.2017;3;0.01;0;0.01;0.001;1
HUMUSUSD;HUMANA INC;Stocks;US;26.01.2017;26.01.2017;3;0.01;0;0.01;0.001;1
ITWUSUSD;ILLINOIS TOOL WORKS;Stocks;US;26.01.2017;26.01.2017;3;0.01;0;0.01;0.001;1
XLIUSUSD;Industrial Select Sector SPDR Fund;Stocks;US;26.01.2017;26.01.2017;3;0.01;0;0.01;0.001;1
INTCUSUSD;INTEL CORP;Stocks;US;26.01.2017;26.01.2017;3;0.01;0;0.01;0.001;1
ICEUSUSD;INTERCONTINENTAL EXCHANGE IN;Stocks;US;26.01.2017;26.01.2017;3;0.01;0;0.01;0.001;1
IPGUSUSD;INTERPUBLIC GROUP OF COS INC;Stocks;US;26.01.2017;26.01.2017;3;0.01;0;0.01;0.001;1
IBMUSUSD;INTL BUSINESS MACHINES CORP;Stocks;US;26.01.2017;26.01.2017;3;0.01;0;0.01;0.001;1
VXXUSUSD;iPath S&P 500 VIX ST Futures ETN;Stocks;US;26.01.2017;26.01.2017;3;0.01;0;0.01;0.001;1
TLTUSUSD;iShares 20+ Year Treasury Bond ETF;Stocks;US;26.01.2017;26.01.2017;3;0.01;0;0.01;0.001;1
IEFUSUSD;iShares 7-10 Year Treasury Bond ETF;Stocks;US;26.01.2017;26.01.2017;3;0.01;0;0.01;0.001;1
IJHUSUSD;iShares Core S&P Mid-Cap ETF;Stocks;US;26.01.2017;26.01.2017;3;0.01;0;0.01;0.001;1
IJRUSUSD;iShares Core S&P Small-Cap ETF;Stocks;US;26.01.2017;26.01.2017;3;0.01;0;0.01;0.001;1
FXIUSUSD;iShares China Large-Cap ETF;Stocks;US;11.05.2017;11.05.2017;3;0.01;0;0.01;0.001;1
EMBUSUSD;iShares JP Morgan USD Emerging Markets Bond ETF;Stocks;US;11.05.2017;11.05.2017;3;0.01;0;0.01;0.001;1
EWZUSUSD;iShares MSCI Brazil Capped;Stocks;US;26.01.2017;26.01.2017;3;0.01;0;0.01;0.001;1
EFAUSUSD;iShares MSCI EAFE ETF;Stocks;US;26.01.2017;26.01.2017;3;0.01;0;0.01;0.001;1
EEMUSUSD;iShares MSCI Emerging Markets ETF;Stocks;US;26.01.2017;26.01.2017;3;0.01;0;0.01;0.001;1
EWHUSUSD;iShares MSCI Hong Kong ETF;Stocks;US;26.01.2017;26.01.2017;3;0.01;0;0.01;0.001;1
EWJUSUSD;iShares MSCI Japan ETF;Stocks;US;26.01.2017;26.01.2017;3;0.01;0;0.01;0.001;1
EWWUSUSD;iShares MSCI Mexico Capped;Stocks;US;26.01.2017;26.01.2017;3;0.01;0;0.01;0.001;1
IWFUSUSD;iShares Russell 1000 Growth ETF;Stocks;US;26.01.2017;26.01.2017;3;0.01;0;0.01;0.001;1
IWDUSUSD;iShares Russell 1000 Value ETF;Stocks;US;26.01.2017;26.01.2017;3;0.01;0;0.01;0.001;1
IWMUSUSD;iShares Russell 2000 ETF;Stocks;US;26.01.2017;26.01.2017;3;0.01;0;0.01;0.001;1
IVWUSUSD;iShares S&P 500 Growth ETF;Stocks;US;26.01.2017;26.01.2017;3;0.01;0;0.01;0.001;1
IVEUSUSD;iShares S&P 500 Value ETF;Stocks;US;26.01.2017;26.01.2017;3;0.01;0;0.01;0.001;1
DVYUSUSD;iShares Select Dividend ETF;Stocks;US;26.01.2017;26.01.2017;3;0.01;0;0.01;0.001;1
SLVUSUSD;iShares Silver Trust ETF;Stocks;US;26.01.2017;26.01.2017;3;0.01;0;0.01;0.001;1
IYRUSUSD;iShares US Real Estate ETF;Stocks;US;26.01.2017;26.01.2017;3;0.01;0;0.01;0.001;1
ITUBUSUSD;Itau Unibanco Holding SA;Stocks;US;26.01.2017;26.01.2017;3;0.01;0;0.01;0.001;1
SJMUSUSD;JM SMUCKER COMPANY;Stocks;US;26.01.2017;26.01.2017;3;0.01;0;0.01;0.001;1
JNJUSUSD;JOHNSON & JOHNSON;Stocks;US;26.01.2017;26.01.2017;3;0.01;0;0.01;0.001;1
JCIUSUSD;JOHNSON CONTROLS INC;Stocks;US;02.11.2017;02.11.2017;3;0.01;0;0.01;0.001;1
JPMUSUSD;JPMORGAN CHASE & CO;Stocks;US;26.01.2017;26.01.2017;3;0.01;0;0.01;0.001;1
KUSUSD;KELLOGG CO;Stocks;US;05.11.2017;05.11.2017;3;0.01;0;0.01;0.001;1
KEYUSUSD;KEYCORP;Stocks;US;11.05.2017;11.05.2017;3;0.01;0;0.01;0.001;1
KMBUSUSD;KIMBERLY-CLARK CORP;Stocks;US;11.05.2017;11.05.2017;3;0.01;0;0.01;0.001;1
KMIUSUSD;KINDER MORGAN INC;Stocks;US;11.05.2017;11.05.2017;3;0.01;0;0.01;0.001;1
KSSUSUSD;KOHLS CORP;Stocks;US;11.05.2017;11.05.2017;3;0.01;0;0.01;0.001;1
KRUSUSD;KROGER CO;Stocks;US;11.05.2017;11.05.2017;3;0.01;0;0.01;0.001;1
LVSUSUSD;Las Vegas Sands Corp;Stocks;US;26.01.2017;26.01.2017;3;0.01;0;0.01;0.001;1
LENUSUSD;LENNAR CORP-A;Stocks;US;11.05.2017;11.05.2017;3;0.01;0;0.01;0.001;1
LMTUSUSD;LOCKHEED MARTIN CORP;Stocks;US;11.05.2017;11.05.2017;3;0.01;0;0.01;0.001;1
LUSUSD;LOEWS CORP; Stocks;US;11.05.2017;11.05.2017;3;0.01;0;0.01;0.001;1
LOWUSUSD;LOWE'S COS INC;Stocks;US;02.11.2017;02.11.2017;3;0.01;0;0.01;0.001;1
MUSUSD;MACY'S INC;  Stocks;US;02.11.2017;02.11.2017;3;0.01;0;0.01;0.001;1
MROUSUSD;MARATHON OIL CORP;Stocks;US;02.11.2017;02.11.2017;3;0.01;0;0.01;0.001;1
MPCUSUSD;MARATHON PETROLEUM CORP;Stocks;US;02.11.2017;02.11.2017;3;0.01;0;0.01;0.001;1
MAUSUSD;MASTERCARD INC-CLASS A;Stocks;US;11.05.2017;11.05.2017;3;0.01;0;0.01;0.001;1
MCDUSUSD;MCDONALD'S CORP;Stocks;US;02.11.2017;02.11.2017;3;0.01;0;0.01;0.001;1
MCKUSUSD;MCKESSON CORP;Stocks;US;02.11.2017;02.11.2017;3;0.01;0;0.01;0.001;1
MRKUSUSD;MERCK & CO INC;Stocks;US;02.11.2017;02.11.2017;3;0.01;0;0.01;0.001;1
METUSUSD;METLIFE INC;Stocks;US;02.11.2017;02.11.2017;3;0.01;0;0.01;0.001;1
MGMUSUSD;MGM RESORTS INTERNATIONAL;Stocks;US;02.11.2017;02.11.2017;3;0.01;0;0.01;0.001;1
MSFTUSUSD;MICROSOFT CORP;Stocks;US;26.01.2017;26.01.2017;3;0.01;0;0.01;0.001;1
TAPUSUSD;MOLSON COORS BREWING CO -B;Stocks;US;02.11.2017;02.11.2017;3;0.01;0;0.01;0.001;1
MONUSUSD;MONSANTO CO;Stocks;US;02.11.2017;02.11.2017;3;0.01;0;0.01;0.001;1
MSUSUSD;MORGAN STANLEY;Stocks;US;02.11.2017;02.11.2017;3;0.01;0;0.01;0.001;1
NFLXUSUSD;NETFLIX INC;Stocks;US;26.01.2017;26.01.2017;3;0.01;0;0.01;0.001;1
NWLUSUSD;NEWELL BRANDS INC;Stocks;US;02.11.2017;02.11.2017;3;0.01;0;0.01;0.001;1
NEMUSUSD;NEWMONT MINING CORP;Stocks;US;11.05.2017;11.05.2017;3;0.01;0;0.01;0.001;1
NEEUSUSD;NEXTERA ENERGY INC;Stocks;US;11.05.2017;11.05.2017;3;0.01;0;0.01;0.001;1
NKEUSUSD;NIKE INC;Stocks;US;02.11.2017;02.11.2017;3;0.01;0;0.01;0.001;1
NBLUSUSD;NOBLE ENERGY INC;Stocks;US;02.11.2017;02.11.2017;3;0.01;0;0.01;0.001;1
JWNUSUSD;NORDSTROM INC;Stocks;US;11.05.2017;11.05.2017;3;0.01;0;0.01;0.001;1
NSCUSUSD;NORFOLK SOUTHERN CORP;Stocks;US;11.05.2017;11.05.2017;3;0.01;0;0.01;0.001;1
NOCUSUSD;NORTHROP GRUMMAN CORP;Stocks;US;11.05.2017;11.05.2017;3;0.01;0;0.01;0.001;1
NRGUSUSD;NRG ENERGY INC;Stocks;US;11.05.2017;11.05.2017;3;0.01;0;0.01;0.001;1
NVDAUSUSD;NVIDIA CORP;Stocks;US;26.01.2017;26.01.2017;3;0.01;0;0.01;0.001;1
OXYUSUSD;OCCIDENTAL PETROLEUM CORP;Stocks;US;11.05.2017;11.05.2017;3;0.01;0;0.01;0.001;1
OMCUSUSD;OMNICOM GROUP;Stocks;US;11.05.2017;11.05.2017;3;0.01;0;0.01;0.001;1
OKEUSUSD;ONEOK INC;Stocks;US;11.05.2017;11.05.2017;3;0.01;0;0.01;0.001;1
ORCLUSUSD;ORACLE CORP;Stocks;US;02.11.2017;02.11.2017;3;0.01;0;0.01;0.001;1
ORLYUSUSD;O'REILLY AUTOMOTIVE INC;Stocks;US;02.11.2017;02.11.2017;3;0.01;0;0.01;0.001;1
PCGUSUSD;P G & E CORP;Stocks;US;02.11.2017;02.11.2017;3;0.01;0;0.01;0.001;1
PYPLUSUSD;PAYPAL HOLDINGS INC;Stocks;US;02.11.2017;02.11.2017;3;0.01;0;0.01;0.001;1
PHUSUSD;PARKER HANNIFIN CORP;Stocks;US;02.11.2017;02.11.2017;3;0.01;0;0.01;0.001;1
PEPUSUSD;PEPSICO INC;Stocks;US;02.11.2017;02.11.2017;3;0.01;0;0.01;0.001;1
PBRUSUSD;Petroleo Brasileiro SA;Stocks;US;26.01.2017;26.01.2017;3;0.01;0;0.01;0.001;1
PFEUSUSD;PFIZER INC;Stocks;US;26.01.2017;26.01.2017;3;0.01;0;0.01;0.001;1
PMUSUSD;PHILIP MORRIS INTERNATIONAL;Stocks;US;02.11.2017;02.11.2017;3;0.01;0;0.01;0.001;1
PSXUSUSD;PHILLIPS 66;Stocks;US;02.11.2017;02.11.2017;3;0.01;0;0.01;0.001;1
PXDUSUSD;PIONEER NATURAL RESOURCES CO;Stocks;US;02.11.2017;02.11.2017;3;0.01;0;0.01;0.001;1
PNCUSUSD;PNC FINANCIAL SERVICES GROUP;Stocks;US;02.11.2017;02.11.2017;3;0.01;0;0.01;0.001;1
QQQUSUSD;PowerShares QQQ ETF;Stocks;US;26.01.2017;26.01.2017;3;0.01;0;0.01;0.001;1
PPGUSUSD;PPG INDUSTRIES INC;Stocks;US;02.11.2017;02.11.2017;3;0.01;0;0.01;0.001;1
PXUSUSD;PRAXAIR INC;Stocks;US;02.11.2017;02.11.2017;3;0.01;0;0.01;0.001;1
PCLNUSUSD;PRICELINE GROUP INCTHE;Stocks;US;26.01.2017;26.01.2017;3;0.01;0;0.01;0.001;1
PGUSUSD;PROCTER & GAMBLE COTHE;Stocks;US;26.01.2017;26.01.2017;3;0.01;0;0.01;0.001;1
PGRUSUSD;PROGRESSIVE CORP;Stocks;US;02.11.2017;02.11.2017;3;0.01;0;0.01;0.001;1
PRUUSUSD;PRUDENTIAL FINANCIAL INC;Stocks;US;02.11.2017;02.11.2017;3;0.01;0;0.01;0.001;1
PSAUSUSD;PUBLIC STORAGE;Stocks;US;02.11.2017;02.11.2017;3;0.01;0;0.01;0.001;1
RRCUSUSD;RANGE RESOURCES CORP;Stocks;US;26.01.2017;26.01.2017;3;0.01;0;0.01;0.001;1
RTNUSUSD;RAYTHEON COMPANY;Stocks;US;26.01.2017;26.01.2017;3;0.01;0;0.01;0.001;1
RHTUSUSD;RED HAT INC;Stocks;US;26.01.2017;26.01.2017;3;0.01;0;0.01;0.001;1
RFUSUSD;REGIONS FINANCIAL CORP;Stocks;US;02.11.2017;02.11.2017;3;0.01;0;0.01;0.001;1
COLUSUSD;ROCKWELL COLLINS INC;Stocks;US;02.11.2017;02.11.2017;3;0.01;0;0.01;0.001;1
CRMUSUSD;SALESFORCECOM INC;Stocks;US;11.05.2017;11.05.2017;3;0.01;0;0.01;0.001;1
SHWUSUSD;SHERWIN-WILLIAMS COMPANY;Stocks;US;11.05.2017;11.05.2017;3;0.01;0;0.01;0.001;1
SCHWUSUSD;SCHWAB (CHARLES) CORP;Stocks;US;02.11.2017;02.11.2017;3;0.01;0;0.01;0.001;1
SPGUSUSD;SIMON PROPERTY GROUP INC;Stocks;US;02.11.2017;02.11.2017;3;0.01;0;0.01;0.001;1
SNAPUSUSD;SNAP Inc;Stocks;US;02.11.2017;02.11.2017;3;0.01;0;0.01;0.001;1
SOUSUSD;SOUTHERN COTHE;Stocks;US;02.11.2017;02.11.2017;3;0.01;0;0.01;0.001;1
LUVUSUSD;SOUTHWEST AIRLINES CO;Stocks;US;02.11.2017;02.11.2017;3;0.01;0;0.01;0.001;1
JNKUSUSD;SPDR Barclays Capital High Yield Bond ETF;Stocks;US;26.01.2017;26.01.2017;3;0.01;0;0.01;0.001;1
DIAUSUSD;SPDR Dow Jones® Industrial Average ETF;Stocks;US;02.11.2017;02.11.2017;3;0.01;0;0.01;0.001;1
GLDUSUSD;SPDR Gold Shares ETF;Stocks;US;02.11.2017;02.11.2017;3;0.01;0;0.01;0.001;1
SPYUSUSD;SPDR S&P 500 ETF;Stocks;US;02.11.2017;02.11.2017;3;0.01;0;0.01;0.001;1
XOPUSUSD;SPDR S&P Oil & Gas Explor & Prodtn ETF;Stocks;US;02.11.2017;02.11.2017;3;0.01;0;0.01;0.001;1
SWKUSUSD;STANLEY BLACK & DECKER INC;Stocks;US;02.11.2017;02.11.2017;3;0.01;0;0.01;0.001;1
STTUSUSD;STATE STREET CORP;Stocks;US;02.11.2017;02.11.2017;3;0.01;0;0.01;0.001;1
SYKUSUSD;STRYKER CORP;Stocks;US;02.11.2017;02.11.2017;3;0.01;0;0.01;0.001;1
STIUSUSD;SUNTRUST BANKS INC;Stocks;US;02.11.2017;02.11.2017;3;0.01;0;0.01;0.001;1
SYYUSUSD;SYSCO CORP;Stocks;US;02.11.2017;02.11.2017;3;0.01;0;0.01;0.001;1
TSMUSUSD;Taiwan Semiconductor Manufacturing Company Limited;Stocks;US;02.11.2017;02.11.2017;3;0.01;0;0.01;0.001;1
TGTUSUSD;TARGET CORP;Stocks;US;02.11.2017;02.11.2017;3;0.01;0;0.01;0.001;1
XLKUSUSD;Technology Select Sector SPDR Fund;Stocks;US;02.11.2017;02.11.2017;3;0.01;0;0.01;0.001;1
TSLAUSUSD;TESLA MOTORS INC;Stocks;US;26.01.2017;26.01.2017;3;0.01;0;0.01;0.001;1
TEVAUSUSD;TEVA PHARMACEUTICAL-SP ADR;Stocks;US;02.11.2017;02.11.2017;3;0.01;0;0.01;0.001;1
TMOUSUSD;THERMO FISHER SCIENTIFIC INC;Stocks;US;02.11.2017;02.11.2017;3;0.01;0;0.01;0.001;1
TIFUSUSD;TIFFANY & CO;Stocks;US;02.11.2017;02.11.2017;3;0.01;0;0.01;0.001;1
TWXUSUSD;TIME WARNER INC;Stocks;US;02.11.2017;02.11.2017;3;0.01;0;0.01;0.001;1
TJXUSUSD;TJX COMPANIES INC;Stocks;US;02.11.2017;02.11.2017;3;0.01;0;0.01;0.001;1
TRVUSUSD;TRAVELERS COS INCTHE;Stocks;US;02.11.2017;02.11.2017;3;0.01;0;0.01;0.001;1
TWTRUSUSD;TWITTER INC;Stocks;US;02.11.2017;02.11.2017;3;0.01;0;0.01;0.001;1
TSNUSUSD;TYSON FOODS INC-CL A;Stocks;US;02.11.2017;02.11.2017;3;0.01;0;0.01;0.001;1
UNPUSUSD;UNION PACIFIC CORP;Stocks;US;15.11.2017;15.11.2017;3;0.01;0;0.01;0.001;1
UPSUSUSD;UNITED PARCEL SERVICE-CL B;Stocks;US;15.11.2017;15.11.2017;3;0.01;0;0.01;0.001;1
USOUSUSD;United States OilStocks;Stocks;US;26.01.2017;15.11.2017;3;0.01;0;0.01;0.001;1
XUSUSD;UNITED STATES STEEL CORP;Stocks;US;15.11.2017;15.11.2017;3;0.01;0;0.01;0.001;1
UTXUSUSD;UNITED TECHNOLOGIES CORP;Stocks;US;15.11.2017;15.11.2017;3;0.01;0;0.01;0.001;1
UNHUSUSD;UNITEDHEALTH GROUP INC;Stocks;US;15.11.2017;15.11.2017;3;0.01;0;0.01;0.001;1
USBUSUSD;US BANCORP;Stocks;US;02.11.2017;02.11.2017;3;0.01;0;0.01;0.001;1
XLUUSUSD;Utilities Select Sector SPDR Fund;Stocks;US;15.11.2017;15.11.2017;3;0.01;0;0.01;0.001;1
VALEUSUSD;Vale SA;Stocks;US;26.01.2017;26.01.2017;3;0.01;0;0.01;0.001;1
VLOUSUSD;VALERO ENERGY CORP;Stocks;US;15.11.2017;15.11.2017;3;0.01;0;0.01;0.001;1
GDXUSUSD;VanEck Vectors Gold Miners ETF;Stocks;US;26.01.2017;26.01.2017;3;0.01;0;0.01;0.001;1
GDXJUSUSD;VanEck Vectors Junior Gold Miners ETF;Stocks;US;26.01.2017;26.01.2017;3;0.01;0;0.01;0.001;1
VEAUSUSD;Vanguard FTSE Developed Markets ETF;Stocks;US;15.11.2017;15.11.2017;3;0.01;0;0.01;0.001;1
VGKUSUSD;Vanguard FTSE Europe ETF;Stocks;US;15.11.2017;15.11.2017;3;0.01;0;0.01;0.001;1
VNQUSUSD;Vanguard REIT ETF;Stocks;US;15.11.2017;15.11.2017;3;0.01;0;0.01;0.001;1
XIVUSUSD;VelocityShares Daily Inverse VIX Short Term ETN;Stocks;US;15.11.2017;15.11.2017;3;0.01;0;0.01;0.001;1
VZUSUSD;VERIZON COMMUNICATIONS INC;Stocks;US;15.11.2017;15.11.2017;3;0.01;0;0.01;0.001;1
VFCUSUSD;VF CORP;Stocks;US;15.11.2017;15.11.2017;3;0.01;0;0.01;0.001;1
VUSUSD;VISA INC-CLASS A SHARES;Stocks;US;26.01.2017;26.01.2017;3;0.01;0;0.01;0.001;1
VMCUSUSD;VULCAN MATERIALS CO;Stocks;US;15.11.2017;15.11.2017;3;0.01;0;0.01;0.001;1
WMTUSUSD;WAL-MART STORES INC;Stocks;US;15.11.2017;15.11.2017;3;0.01;0;0.01;0.001;1
DISUSUSD;WALT DISNEY COTHE;Stocks;US;15.11.2017;15.11.2017;3;0.01;0;0.01;0.001;1
WFCUSUSD;WELLS FARGO & CO;Stocks;US;15.11.2017;15.11.2017;3;0.01;0;0.01;0.001;1
HCNUSUSD;WELLTOWER INC;Stocks;US;02.01.2018;02.01.2018;3;0.01;0;0.01;0.001;1
WHRUSUSD;WHIRLPOOL CORP;Stocks;US;15.11.2017;15.11.2017;3;0.01;0;0.01;0.001;1
GWWUSUSD;WW GRAINGER INC;Stocks;US;15.11.2017;15.11.2017;3;0.01;0;0.01;0.001;1
YUMUSUSD;YUM! BRANDS INC;Stocks;US;15.11.2017;15.11.2017;3;0.01;0;0.01;0.001;1
ZBHUSUSD;ZIMMER BIOMET HOLDINGS INC;Stocks;US;15.11.2017;15.11.2017;3;0.01;0;0.01;0.001;1